epoch,precision,epoch_time_seconds,learning_rate,train_loss,train_acc,train_correct,train_samples,test_loss,test_acc,test_correct,test_samples
1,fp32,,8.0001e-06,2.319,13.536,6768,50000,0.028,17.22,1722,10000
2,fp32,,8.0002e-06,2.21,18.984,9492,50000,0.028,20.67,2067,10000
3,fp32,,8.00031e-06,2.15,21.184,10592,50000,0.027,22.35,2235,10000
4,fp32,,8.00041e-06,2.102,23.1,11550,50000,0.027,24.35,2435,10000
5,fp32,,8.00051e-06,2.06,24.412,12206,50000,0.025,25.75,2575,10000
6,fp32,,0.2,2.217,24.692,12346,50000,0.022,33.81,3381,10000
7,fp32,,0.2,1.665,37.83,18915,50000,0.022,41.65,4165,10000
8,fp32,,0.2,1.465,46.106,23053,50000,0.017,48.24,4824,10000
9,fp32,,0.2,1.215,56.312,28156,50000,0.021,57.9,5790,10000
10,fp32,,0.2,1.017,63.742,31871,50000,0.014,65.53,6553,10000
11,fp32,,0.2,0.868,69.778,34889,50000,0.015,63.24,6324,10000
12,fp32,,0.2,0.78,72.948,36474,50000,0.012,66.01,6601,10000
13,fp32,,0.2,0.726,74.994,37497,50000,0.011,72.27,7227,10000
14,fp32,,0.2,0.689,76.236,38118,50000,0.014,72.25,7225,10000
15,fp32,,0.2,0.666,77.024,38512,50000,0.025,54.68,5468,10000
16,fp32,,0.02,0.447,84.8,42400,50000,0.006,85.7,8570,10000
17,fp32,,0.02,0.376,87.048,43524,50000,0.001,86.04,8604,10000
18,fp32,,0.02,0.347,87.946,43973,50000,0.004,86.97,8697,10000
19,fp32,,0.02,0.326,88.722,44361,50000,0.002,87.25,8725,10000
20,fp32,,0.02,0.304,89.496,44748,50000,0.001,87.19,8719,10000
21,fp32,,0.02,0.289,89.972,44986,50000,0.007,87.3,8730,10000
22,fp32,,0.02,0.279,90.358,45179,50000,0.002,88.0,8800,10000
23,fp32,,0.02,0.268,90.742,45371,50000,0.007,87.66,8766,10000
24,fp32,,0.02,0.258,91.062,45531,50000,0.003,88.16,8816,10000
25,fp32,,0.02,0.249,91.338,45669,50000,0.004,87.51,8751,10000
26,fp32,,0.002,0.185,93.826,46913,50000,0.006,90.4,9040,10000
27,fp32,,0.002,0.161,94.652,47326,50000,0.004,90.4,9040,10000
28,fp32,,0.002,0.15,94.994,47497,50000,0.001,90.51,9051,10000
29,fp32,,0.002,0.144,95.18,47590,50000,0.005,90.43,9043,10000
30,fp32,,0.002,0.135,95.596,47798,50000,0.005,90.81,9081,10000
31,fp32,,0.002,0.128,95.894,47947,50000,0.001,90.68,9068,10000
32,fp32,,0.002,0.125,95.928,47964,50000,0.004,90.72,9072,10000
33,fp32,,0.002,0.119,96.076,48038,50000,0.002,90.8,9080,10000
34,fp32,,0.002,0.111,96.352,48176,50000,0.004,90.8,9080,10000
35,fp32,,0.002,0.108,96.456,48228,50000,0.002,90.81,9081,10000
36,fp32,,0.002,0.103,96.654,48327,50000,0.002,90.93,9093,10000
37,fp32,,0.002,0.099,96.754,48377,50000,0.002,90.78,9078,10000
38,fp32,,0.002,0.093,96.986,48493,50000,0.001,90.91,9091,10000
39,fp32,,0.002,0.09,97.106,48553,50000,0.0,90.93,9093,10000
40,fp32,,0.002,0.084,97.218,48609,50000,0.005,90.79,9079,10000
41,fp32,,0.002,0.083,97.308,48654,50000,0.006,90.73,9073,10000
42,fp32,,0.002,0.078,97.378,48689,50000,0.005,90.73,9073,10000
43,fp32,,0.002,0.074,97.634,48817,50000,0.0,90.81,9081,10000
44,fp32,,0.002,0.069,97.792,48896,50000,0.0,90.9,9090,10000
45,fp32,,0.002,0.067,97.824,48912,50000,0.009,90.96,9096,10000
46,fp32,,0.002,0.065,97.936,48968,50000,0.017,90.85,9085,10000
47,fp32,,0.002,0.06,98.116,49058,50000,0.005,90.82,9082,10000
48,fp32,,0.002,0.058,98.108,49054,50000,0.001,90.86,9086,10000
49,fp32,,0.002,0.054,98.31,49155,50000,0.0,90.99,9099,10000
50,fp32,,0.002,0.054,98.22,49110,50000,0.003,90.96,9096,10000
51,fp32,,0.002,0.048,98.466,49233,50000,0.001,90.77,9077,10000
52,fp32,,0.002,0.05,98.432,49216,50000,0.0,91.11,9111,10000
53,fp32,,0.002,0.047,98.55,49275,50000,0.008,90.86,9086,10000
54,fp32,,0.002,0.044,98.692,49346,50000,0.002,90.87,9087,10000
55,fp32,,0.002,0.043,98.598,49299,50000,0.0,91.09,9109,10000
56,fp32,,0.0002,0.035,98.974,49487,50000,0.005,91.16,9116,10000
57,fp32,,0.0002,0.031,99.14,49570,50000,0.003,91.26,9126,10000
58,fp32,,0.0002,0.029,99.244,49622,50000,0.016,91.47,9147,10000
59,fp32,,0.0002,0.029,99.256,49628,50000,0.001,91.35,9135,10000
60,fp32,,0.0002,0.028,99.292,49646,50000,0.0,91.33,9133,10000
61,fp32,,0.0002,0.027,99.326,49663,50000,0.0,91.51,9151,10000
62,fp32,,0.0002,0.027,99.298,49649,50000,0.004,91.51,9151,10000
63,fp32,,0.0002,0.025,99.38,49690,50000,0.004,91.47,9147,10000
64,fp32,,0.0002,0.026,99.336,49668,50000,0.009,91.42,9142,10000
65,fp32,,0.0002,0.024,99.416,49708,50000,0.001,91.45,9145,10000
66,fp32,,0.0002,0.024,99.458,49729,50000,0.009,91.43,9143,10000
67,fp32,,0.0002,0.024,99.424,49712,50000,0.002,91.42,9142,10000
68,fp32,,0.0002,0.023,99.466,49733,50000,0.011,91.31,9131,10000
69,fp32,,0.0002,0.024,99.434,49717,50000,0.006,91.34,9134,10000
70,fp32,,0.0002,0.022,99.464,49732,50000,0.004,91.35,9135,10000
71,fp32,,0.0002,0.022,99.496,49748,50000,0.008,91.36,9136,10000
72,fp32,,0.0002,0.023,99.502,49751,50000,0.005,91.53,9153,10000
73,fp32,,0.0002,0.022,99.474,49737,50000,0.006,91.43,9143,10000
74,fp32,,0.0002,0.022,99.488,49744,50000,0.004,91.37,9137,10000
75,fp32,,0.0002,0.02,99.588,49794,50000,0.0,91.49,9149,10000
76,fp32,,0.0002,0.021,99.514,49757,50000,0.002,91.43,9143,10000
77,fp32,,0.0002,0.021,99.524,49762,50000,0.001,91.49,9149,10000
78,fp32,,0.0002,0.02,99.54,49770,50000,0.011,91.39,9139,10000
79,fp32,,0.0002,0.019,99.576,49788,50000,0.005,91.4,9140,10000
80,fp32,,0.0002,0.019,99.576,49788,50000,0.013,91.32,9132,10000
81,fp32,,0.0002,0.02,99.562,49781,50000,0.005,91.44,9144,10000
82,fp32,,0.0002,0.02,99.57,49785,50000,0.014,91.46,9146,10000
83,fp32,,0.0002,0.019,99.534,49767,50000,0.0,91.35,9135,10000
84,fp32,,0.0002,0.019,99.556,49778,50000,0.013,91.37,9137,10000
85,fp32,,0.0002,0.019,99.604,49802,50000,0.003,91.45,9145,10000
86,fp32,,0.0002,0.018,99.598,49799,50000,0.004,91.38,9138,10000
87,fp32,,0.0002,0.018,99.644,49822,50000,0.002,91.45,9145,10000
88,fp32,,0.0002,0.019,99.55,49775,50000,0.01,91.41,9141,10000
89,fp32,,0.0002,0.018,99.598,49799,50000,0.002,91.49,9149,10000
90,fp32,,0.0002,0.018,99.616,49808,50000,0.0,91.47,9147,10000
91,fp32,,0.0002,0.018,99.628,49814,50000,0.009,91.44,9144,10000
92,fp32,,0.0002,0.018,99.606,49803,50000,0.005,91.37,9137,10000
93,fp32,,0.0002,0.018,99.604,49802,50000,0.0,91.5,9150,10000
94,fp32,,0.0002,0.018,99.662,49831,50000,0.001,91.59,9159,10000
95,fp32,,0.0002,0.017,99.638,49819,50000,0.003,91.47,9147,10000
96,fp32,,0.0002,0.017,99.644,49822,50000,0.019,91.52,9152,10000
97,fp32,,0.0002,0.016,99.68,49840,50000,0.001,91.62,9162,10000
98,fp32,,0.0002,0.016,99.67,49835,50000,0.005,91.5,9150,10000
99,fp32,,0.0002,0.016,99.644,49822,50000,0.011,91.45,9145,10000
100,fp32,,0.0002,0.015,99.692,49846,50000,0.005,91.5,9150,10000
101,fp32,,0.0002,0.016,99.692,49846,50000,0.005,91.43,9143,10000
102,fp32,,0.0002,0.016,99.672,49836,50000,0.001,91.59,9159,10000
103,fp32,,0.0002,0.017,99.622,49811,50000,0.009,91.5,9150,10000
104,fp32,,0.0002,0.016,99.642,49821,50000,0.004,91.48,9148,10000
105,fp32,,0.0002,0.016,99.684,49842,50000,0.004,91.48,9148,10000
106,fp32,,2e-05,0.015,99.71,49855,50000,0.015,91.5,9150,10000
107,fp32,,2e-05,0.014,99.702,49851,50000,0.0,91.49,9149,10000
108,fp32,,2e-05,0.015,99.732,49866,50000,0.002,91.49,9149,10000
109,fp32,,2e-05,0.015,99.742,49871,50000,0.002,91.45,9145,10000
110,fp32,,2e-05,0.015,99.708,49854,50000,0.005,91.5,9150,10000
111,fp32,,2e-05,0.015,99.686,49843,50000,0.014,91.58,9158,10000
112,fp32,,2e-05,0.015,99.682,49841,50000,0.003,91.55,9155,10000
113,fp32,,2e-05,0.014,99.754,49877,50000,0.005,91.48,9148,10000
114,fp32,,2e-05,0.016,99.698,49849,50000,0.005,91.57,9157,10000
115,fp32,,2e-05,0.015,99.72,49860,50000,0.001,91.53,9153,10000
116,fp32,,2e-05,0.015,99.704,49852,50000,0.006,91.43,9143,10000
117,fp32,,2e-05,0.015,99.726,49863,50000,0.01,91.63,9163,10000
118,fp32,,2e-05,0.015,99.71,49855,50000,0.001,91.4,9140,10000
119,fp32,,2e-05,0.015,99.69,49845,50000,0.001,91.59,9159,10000
120,fp32,,2e-05,0.015,99.672,49836,50000,0.004,91.6,9160,10000
121,fp32,,2e-05,0.015,99.712,49856,50000,0.001,91.43,9143,10000
122,fp32,,2e-05,0.014,99.726,49863,50000,0.005,91.55,9155,10000
123,fp32,,2e-05,0.014,99.732,49866,50000,0.001,91.6,9160,10000
124,fp32,,2e-05,0.014,99.746,49873,50000,0.01,91.44,9144,10000
125,fp32,,2e-05,0.014,99.736,49868,50000,0.01,91.38,9138,10000
126,fp32,,2e-05,0.015,99.71,49855,50000,0.001,91.38,9138,10000
127,fp32,,2e-05,0.015,99.72,49860,50000,0.003,91.55,9155,10000
128,fp32,,2e-05,0.014,99.734,49867,50000,0.003,91.35,9135,10000
129,fp32,,2e-05,0.014,99.75,49875,50000,0.011,91.57,9157,10000
130,fp32,,2e-05,0.015,99.742,49871,50000,0.004,91.52,9152,10000
131,fp32,,2e-05,0.015,99.714,49857,50000,0.004,91.36,9136,10000
132,fp32,,2e-05,0.015,99.686,49843,50000,0.004,91.48,9148,10000
133,fp32,,2e-05,0.014,99.738,49869,50000,0.003,91.45,9145,10000
134,fp32,,2e-05,0.014,99.742,49871,50000,0.007,91.5,9150,10000
135,fp32,,2e-05,0.014,99.746,49873,50000,0.007,91.54,9154,10000
136,fp32,,2e-05,0.014,99.716,49858,50000,0.004,91.55,9155,10000
137,fp32,,2e-05,0.014,99.724,49862,50000,0.006,91.47,9147,10000
138,fp32,,2e-05,0.014,99.718,49859,50000,0.001,91.64,9164,10000
139,fp32,,2e-05,0.014,99.766,49883,50000,0.001,91.47,9147,10000
140,fp32,,2e-05,0.014,99.74,49870,50000,0.015,91.47,9147,10000
141,fp32,,2e-05,0.014,99.724,49862,50000,0.003,91.44,9144,10000
142,fp32,,2e-05,0.015,99.688,49844,50000,0.0,91.39,9139,10000
143,fp32,,2e-05,0.013,99.758,49879,50000,0.002,91.63,9163,10000
144,fp32,,2e-05,0.014,99.778,49889,50000,0.002,91.6,9160,10000
145,fp32,,2e-05,0.013,99.746,49873,50000,0.0,91.5,9150,10000
146,fp32,,2e-05,0.014,99.756,49878,50000,0.0,91.44,9144,10000
147,fp32,,2e-05,0.014,99.712,49856,50000,0.003,91.33,9133,10000
148,fp32,,2e-05,0.014,99.716,49858,50000,0.0,91.57,9157,10000
149,fp32,,2e-05,0.014,99.734,49867,50000,0.007,91.46,9146,10000
150,fp32,,2e-05,0.014,99.748,49874,50000,0.001,91.45,9145,10000
151,fp32,,2e-05,0.015,99.69,49845,50000,0.001,91.64,9164,10000
152,fp32,,2e-05,0.014,99.724,49862,50000,0.004,91.47,9147,10000
153,fp32,,2e-05,0.014,99.73,49865,50000,0.0,91.45,9145,10000
154,fp32,,2e-05,0.014,99.748,49874,50000,0.008,91.42,9142,10000
155,fp32,,2e-05,0.014,99.71,49855,50000,0.006,91.55,9155,10000
156,fp32,,2e-05,0.014,99.762,49881,50000,0.001,91.44,9144,10000
157,fp32,,2e-05,0.014,99.758,49879,50000,0.005,91.48,9148,10000
158,fp32,,2e-05,0.014,99.716,49858,50000,0.008,91.61,9161,10000
159,fp32,,2e-05,0.014,99.742,49871,50000,0.003,91.55,9155,10000
160,fp32,,2e-05,0.014,99.726,49863,50000,0.005,91.5,9150,10000
161,fp32,,2e-05,0.014,99.754,49877,50000,0.0,91.48,9148,10000
162,fp32,,2e-05,0.015,99.694,49847,50000,0.005,91.48,9148,10000
163,fp32,,2e-05,0.014,99.738,49869,50000,0.006,91.48,9148,10000
164,fp32,,2e-05,0.013,99.786,49893,50000,0.0,91.5,9150,10000
165,fp32,,2e-05,0.014,99.744,49872,50000,0.004,91.44,9144,10000
166,fp32,,2e-05,0.013,99.734,49867,50000,0.0,91.59,9159,10000
167,fp32,,2e-05,0.014,99.706,49853,50000,0.002,91.5,9150,10000
168,fp32,,2e-05,0.013,99.75,49875,50000,0.006,91.43,9143,10000
169,fp32,,2e-05,0.014,99.726,49863,50000,0.006,91.43,9143,10000
170,fp32,,2e-05,0.013,99.782,49891,50000,0.008,91.56,9156,10000
171,fp32,,2e-05,0.014,99.728,49864,50000,0.006,91.49,9149,10000
172,fp32,,2e-05,0.014,99.714,49857,50000,0.01,91.47,9147,10000
173,fp32,,2e-05,0.013,99.748,49874,50000,0.002,91.49,9149,10000
174,fp32,,2e-05,0.015,99.712,49856,50000,0.003,91.6,9160,10000
175,fp32,,2e-05,0.014,99.758,49879,50000,0.002,91.45,9145,10000
176,fp32,,2e-05,0.014,99.724,49862,50000,0.004,91.43,9143,10000
177,fp32,,2e-05,0.013,99.78,49890,50000,0.003,91.55,9155,10000
178,fp32,,2e-05,0.013,99.76,49880,50000,0.0,91.57,9157,10000
179,fp32,,2e-05,0.013,99.752,49876,50000,0.012,91.5,9150,10000
180,fp32,,2e-05,0.014,99.732,49866,50000,0.001,91.49,9149,10000
181,fp32,,2e-05,0.013,99.746,49873,50000,0.009,91.44,9144,10000
182,fp32,,2e-05,0.014,99.734,49867,50000,0.012,91.54,9154,10000
183,fp32,,2e-05,0.013,99.768,49884,50000,0.0,91.47,9147,10000
184,fp32,,2e-05,0.014,99.758,49879,50000,0.001,91.56,9156,10000
185,fp32,,2e-05,0.013,99.744,49872,50000,0.002,91.35,9135,10000
186,fp32,,2e-06,0.014,99.734,49867,50000,0.015,91.48,9148,10000
187,fp32,,2e-06,0.014,99.744,49872,50000,0.011,91.46,9146,10000
188,fp32,,2e-06,0.014,99.744,49872,50000,0.001,91.53,9153,10000
189,fp32,,2e-06,0.013,99.776,49888,50000,0.004,91.57,9157,10000
190,fp32,,2e-06,0.013,99.758,49879,50000,0.0,91.56,9156,10000
191,fp32,,2e-06,0.012,99.782,49891,50000,0.005,91.44,9144,10000
192,fp32,,2e-06,0.014,99.742,49871,50000,0.006,91.48,9148,10000
193,fp32,,2e-06,0.014,99.714,49857,50000,0.001,91.5,9150,10000
194,fp32,,2e-06,0.013,99.778,49889,50000,0.005,91.42,9142,10000
195,fp32,,2e-06,0.014,99.732,49866,50000,0.016,91.52,9152,10000
196,fp32,,2e-06,0.013,99.754,49877,50000,0.003,91.46,9146,10000
197,fp32,,2e-06,0.014,99.768,49884,50000,0.0,91.54,9154,10000
198,fp32,,2e-06,0.013,99.754,49877,50000,0.001,91.54,9154,10000
199,fp32,,2e-06,0.013,99.76,49880,50000,0.004,91.54,9154,10000
200,fp32,,2e-06,0.013,99.744,49872,50000,0.002,91.53,9153,10000
