epoch,learning_rate,train_loss,train_acc,train_correct,train_samples,test_loss,test_acc,test_correct,test_samples
1,4.00005e-06,2.303,10.06,5030,50000,0.029,10.0,1000,10000
2,4.0001e-06,2.303,10.084,5042,50000,0.029,10.0,1000,10000
3,4.00015e-06,2.303,10.052,5026,50000,0.029,10.0,1000,10000
4,4.0002e-06,2.303,10.224,5112,50000,0.029,10.0,1000,10000
5,4.00026e-06,2.303,10.06,5030,50000,0.029,10.0,1000,10000
6,0.1,1.967,24.316,12158,50000,0.018,34.59,3459,10000
7,0.1,1.625,39.338,19669,50000,0.021,49.35,4935,10000
8,0.1,1.444,48.072,24036,50000,0.013,57.17,5717,10000
9,0.1,1.334,52.988,26494,50000,0.016,60.02,6002,10000
10,0.1,1.247,56.97,28485,50000,0.012,59.49,5949,10000
11,0.1,1.185,59.588,29794,50000,0.014,61.11,6111,10000
12,0.1,1.142,61.666,30833,50000,0.016,67.3,6730,10000
13,0.1,1.109,62.722,31361,50000,0.018,64.94,6494,10000
14,0.1,1.081,63.998,31999,50000,0.009,64.46,6446,10000
15,0.1,1.053,65.134,32567,50000,0.012,64.37,6437,10000
16,0.01,0.8,73.148,36574,50000,0.007,75.8,7580,10000
17,0.01,0.715,75.894,37947,50000,0.008,77.23,7723,10000
18,0.01,0.682,76.758,38379,50000,0.007,77.68,7768,10000
19,0.01,0.655,77.812,38906,50000,0.006,78.11,7811,10000
20,0.01,0.637,78.446,39223,50000,0.007,78.35,7835,10000
21,0.01,0.616,78.836,39418,50000,0.006,78.68,7868,10000
22,0.01,0.598,79.692,39846,50000,0.005,79.36,7936,10000
23,0.01,0.583,80.138,40069,50000,0.005,79.77,7977,10000
24,0.01,0.573,80.216,40108,50000,0.004,79.44,7944,10000
25,0.01,0.558,80.842,40421,50000,0.004,79.99,7999,10000
26,0.001,0.514,82.452,41226,50000,0.004,81.24,8124,10000
27,0.001,0.503,82.684,41342,50000,0.003,81.38,8138,10000
28,0.001,0.498,82.826,41413,50000,0.003,80.94,8094,10000
29,0.001,0.495,83.19,41595,50000,0.004,81.46,8146,10000
30,0.001,0.488,83.344,41672,50000,0.003,81.51,8151,10000
31,0.001,0.483,83.482,41741,50000,0.003,81.44,8144,10000
32,0.001,0.49,83.116,41558,50000,0.003,81.35,8135,10000
33,0.001,0.481,83.37,41685,50000,0.003,81.77,8177,10000
34,0.001,0.476,83.772,41886,50000,0.003,81.72,8172,10000
35,0.001,0.474,83.826,41913,50000,0.004,81.81,8181,10000
36,0.001,0.475,83.772,41886,50000,0.004,81.66,8166,10000
37,0.001,0.47,83.82,41910,50000,0.004,82.01,8201,10000
38,0.001,0.464,84.094,42047,50000,0.003,81.9,8190,10000
39,0.001,0.463,83.978,41989,50000,0.004,81.83,8183,10000
40,0.001,0.464,84.07,42035,50000,0.003,81.99,8199,10000
41,0.001,0.457,84.37,42185,50000,0.004,82.08,8208,10000
42,0.001,0.459,84.352,42176,50000,0.003,82.14,8214,10000
43,0.001,0.454,84.4,42200,50000,0.003,81.89,8189,10000
44,0.001,0.452,84.454,42227,50000,0.003,82.26,8226,10000
45,0.001,0.451,84.498,42249,50000,0.003,82.16,8216,10000
46,0.001,0.451,84.396,42198,50000,0.003,82.42,8242,10000
47,0.001,0.445,84.528,42264,50000,0.004,82.31,8231,10000
48,0.001,0.441,84.816,42408,50000,0.004,82.49,8249,10000
49,0.001,0.444,84.672,42336,50000,0.003,82.42,8242,10000
50,0.001,0.438,84.828,42414,50000,0.003,82.48,8248,10000
51,0.001,0.438,84.996,42498,50000,0.003,82.31,8231,10000
52,0.001,0.432,85.186,42593,50000,0.003,82.46,8246,10000
53,0.001,0.428,85.28,42640,50000,0.003,82.58,8258,10000
54,0.001,0.43,85.156,42578,50000,0.004,82.48,8248,10000
55,0.001,0.427,85.322,42661,50000,0.003,82.59,8259,10000
56,0.0001,0.42,85.47,42735,50000,0.003,82.71,8271,10000
57,0.0001,0.421,85.466,42733,50000,0.003,82.75,8275,10000
58,0.0001,0.416,85.6,42800,50000,0.003,82.72,8272,10000
59,0.0001,0.414,85.89,42945,50000,0.003,82.62,8262,10000
60,0.0001,0.415,85.842,42921,50000,0.003,82.67,8267,10000
61,0.0001,0.415,85.676,42838,50000,0.003,82.65,8265,10000
62,0.0001,0.414,85.628,42814,50000,0.003,82.62,8262,10000
63,0.0001,0.417,85.734,42867,50000,0.003,82.74,8274,10000
64,0.0001,0.414,85.726,42863,50000,0.003,82.66,8266,10000
65,0.0001,0.411,85.896,42948,50000,0.003,82.69,8269,10000
66,0.0001,0.415,85.862,42931,50000,0.003,82.74,8274,10000
67,0.0001,0.412,85.866,42933,50000,0.003,82.74,8274,10000
68,0.0001,0.408,85.868,42934,50000,0.003,82.84,8284,10000
69,0.0001,0.416,85.736,42868,50000,0.003,82.64,8264,10000
70,0.0001,0.413,85.85,42925,50000,0.003,82.82,8282,10000
71,0.0001,0.414,85.86,42930,50000,0.003,82.78,8278,10000
72,0.0001,0.412,85.98,42990,50000,0.003,82.75,8275,10000
73,0.0001,0.414,85.8,42900,50000,0.003,82.64,8264,10000
74,0.0001,0.413,85.89,42945,50000,0.003,82.75,8275,10000
75,0.0001,0.415,85.818,42909,50000,0.003,82.73,8273,10000
76,0.0001,0.412,85.838,42919,50000,0.003,82.73,8273,10000
77,0.0001,0.41,85.84,42920,50000,0.003,82.77,8277,10000
78,0.0001,0.41,86.03,43015,50000,0.003,82.86,8286,10000
79,0.0001,0.412,85.822,42911,50000,0.003,82.74,8274,10000
80,0.0001,0.41,85.858,42929,50000,0.003,82.74,8274,10000
81,0.0001,0.408,85.91,42955,50000,0.003,82.81,8281,10000
82,0.0001,0.409,85.944,42972,50000,0.003,82.73,8273,10000
83,0.0001,0.409,85.956,42978,50000,0.003,82.8,8280,10000
84,0.0001,0.408,86.112,43056,50000,0.003,82.75,8275,10000
85,0.0001,0.406,85.998,42999,50000,0.003,82.75,8275,10000
86,0.0001,0.412,85.816,42908,50000,0.003,82.85,8285,10000
87,0.0001,0.405,85.96,42980,50000,0.003,82.9,8290,10000
88,0.0001,0.405,85.902,42951,50000,0.003,82.87,8287,10000
89,0.0001,0.413,85.786,42893,50000,0.003,82.88,8288,10000
90,0.0001,0.409,86.062,43031,50000,0.003,82.84,8284,10000
91,0.0001,0.411,85.778,42889,50000,0.003,82.78,8278,10000
92,0.0001,0.41,85.834,42917,50000,0.003,82.71,8271,10000
93,0.0001,0.41,85.898,42949,50000,0.003,82.86,8286,10000
94,0.0001,0.406,86.094,43047,50000,0.003,82.95,8295,10000
95,0.0001,0.408,86.076,43038,50000,0.003,82.82,8282,10000
96,0.0001,0.404,86.12,43060,50000,0.003,82.93,8293,10000
97,0.0001,0.403,86.142,43071,50000,0.003,82.83,8283,10000
98,0.0001,0.409,85.84,42920,50000,0.003,82.85,8285,10000
99,0.0001,0.402,86.03,43015,50000,0.003,82.86,8286,10000
100,0.0001,0.403,86.116,43058,50000,0.003,82.84,8284,10000
101,0.0001,0.402,86.168,43084,50000,0.003,82.89,8289,10000
102,0.0001,0.401,86.126,43063,50000,0.003,82.79,8279,10000
103,0.0001,0.403,86.166,43083,50000,0.003,82.98,8298,10000
104,0.0001,0.402,86.22,43110,50000,0.003,83.02,8302,10000
105,0.0001,0.401,86.358,43179,50000,0.003,82.97,8297,10000
106,1e-05,0.405,86.128,43064,50000,0.003,82.99,8299,10000
107,1e-05,0.405,86.048,43024,50000,0.003,83.01,8301,10000
108,1e-05,0.401,86.208,43104,50000,0.003,82.98,8298,10000
109,1e-05,0.398,86.428,43214,50000,0.003,82.98,8298,10000
110,1e-05,0.402,86.17,43085,50000,0.003,83.0,8300,10000
111,1e-05,0.399,86.154,43077,50000,0.003,83.0,8300,10000
112,1e-05,0.4,86.26,43130,50000,0.003,82.99,8299,10000
113,1e-05,0.401,86.176,43088,50000,0.003,83.02,8302,10000
114,1e-05,0.402,86.26,43130,50000,0.003,83.01,8301,10000
115,1e-05,0.4,86.268,43134,50000,0.003,82.97,8297,10000
116,1e-05,0.402,86.068,43034,50000,0.003,82.99,8299,10000
117,1e-05,0.404,86.124,43062,50000,0.003,82.99,8299,10000
118,1e-05,0.4,86.226,43113,50000,0.003,82.98,8298,10000
119,1e-05,0.4,86.236,43118,50000,0.003,82.97,8297,10000
120,1e-05,0.4,86.292,43146,50000,0.003,83.02,8302,10000
121,1e-05,0.404,86.124,43062,50000,0.003,82.99,8299,10000
122,1e-05,0.398,86.464,43232,50000,0.003,82.98,8298,10000
123,1e-05,0.399,86.282,43141,50000,0.003,82.99,8299,10000
124,1e-05,0.404,86.158,43079,50000,0.003,83.01,8301,10000
125,1e-05,0.399,86.298,43149,50000,0.003,83.04,8304,10000
126,1e-05,0.398,86.4,43200,50000,0.003,83.03,8303,10000
127,1e-05,0.4,86.14,43070,50000,0.003,83.04,8304,10000
128,1e-05,0.398,86.378,43189,50000,0.003,83.01,8301,10000
129,1e-05,0.4,86.344,43172,50000,0.003,82.98,8298,10000
130,1e-05,0.4,86.186,43093,50000,0.003,83.0,8300,10000
131,1e-05,0.399,86.196,43098,50000,0.003,83.05,8305,10000
132,1e-05,0.404,86.248,43124,50000,0.003,83.04,8304,10000
133,1e-05,0.405,86.042,43021,50000,0.003,83.03,8303,10000
134,1e-05,0.403,86.168,43084,50000,0.003,83.02,8302,10000
135,1e-05,0.405,86.134,43067,50000,0.003,83.01,8301,10000
136,1e-05,0.4,86.286,43143,50000,0.003,83.01,8301,10000
137,1e-05,0.401,86.194,43097,50000,0.003,83.05,8305,10000
138,1e-05,0.402,86.258,43129,50000,0.003,83.04,8304,10000
139,1e-05,0.403,86.012,43006,50000,0.003,83.01,8301,10000
140,1e-05,0.4,86.192,43096,50000,0.003,83.05,8305,10000
141,1e-05,0.396,86.426,43213,50000,0.003,83.02,8302,10000
142,1e-05,0.4,86.224,43112,50000,0.003,82.99,8299,10000
143,1e-05,0.402,86.172,43086,50000,0.003,83.01,8301,10000
144,1e-05,0.4,86.234,43117,50000,0.003,82.98,8298,10000
145,1e-05,0.395,86.312,43156,50000,0.003,82.98,8298,10000
146,1e-05,0.398,86.412,43206,50000,0.003,83.0,8300,10000
147,1e-05,0.4,86.262,43131,50000,0.003,83.0,8300,10000
148,1e-05,0.398,86.368,43184,50000,0.003,82.96,8296,10000
149,1e-05,0.402,86.262,43131,50000,0.003,82.94,8294,10000
150,1e-05,0.403,86.058,43029,50000,0.003,82.96,8296,10000
151,1e-05,0.4,86.29,43145,50000,0.003,82.98,8298,10000
152,1e-05,0.397,86.284,43142,50000,0.003,82.97,8297,10000
153,1e-05,0.398,86.298,43149,50000,0.003,82.98,8298,10000
154,1e-05,0.401,86.16,43080,50000,0.003,82.95,8295,10000
155,1e-05,0.396,86.292,43146,50000,0.003,82.94,8294,10000
156,1e-05,0.4,86.24,43120,50000,0.003,82.98,8298,10000
157,1e-05,0.402,86.194,43097,50000,0.003,82.96,8296,10000
158,1e-05,0.396,86.394,43197,50000,0.003,82.97,8297,10000
159,1e-05,0.402,86.034,43017,50000,0.003,82.97,8297,10000
160,1e-05,0.401,86.228,43114,50000,0.003,82.98,8298,10000
161,1e-05,0.404,86.202,43101,50000,0.003,83.02,8302,10000
162,1e-05,0.398,86.254,43127,50000,0.003,82.98,8298,10000
163,1e-05,0.401,86.274,43137,50000,0.003,83.0,8300,10000
164,1e-05,0.403,86.156,43078,50000,0.003,83.02,8302,10000
165,1e-05,0.396,86.366,43183,50000,0.003,82.98,8298,10000
166,1e-05,0.4,86.302,43151,50000,0.003,83.0,8300,10000
167,1e-05,0.395,86.368,43184,50000,0.003,82.95,8295,10000
168,1e-05,0.405,86.082,43041,50000,0.003,82.99,8299,10000
169,1e-05,0.4,86.25,43125,50000,0.003,83.02,8302,10000
170,1e-05,0.398,86.428,43214,50000,0.003,82.98,8298,10000
171,1e-05,0.401,86.14,43070,50000,0.003,83.0,8300,10000
172,1e-05,0.403,86.094,43047,50000,0.003,83.0,8300,10000
173,1e-05,0.399,86.414,43207,50000,0.003,82.99,8299,10000
174,1e-05,0.398,86.23,43115,50000,0.003,82.94,8294,10000
175,1e-05,0.397,86.342,43171,50000,0.003,82.94,8294,10000
176,1e-05,0.398,86.158,43079,50000,0.003,82.99,8299,10000
177,1e-05,0.4,86.288,43144,50000,0.003,82.99,8299,10000
178,1e-05,0.399,86.406,43203,50000,0.003,83.0,8300,10000
179,1e-05,0.399,86.266,43133,50000,0.003,83.0,8300,10000
180,1e-05,0.398,86.502,43251,50000,0.003,82.97,8297,10000
181,1e-05,0.4,86.222,43111,50000,0.003,82.98,8298,10000
182,1e-05,0.401,86.208,43104,50000,0.003,82.98,8298,10000
183,1e-05,0.401,86.166,43083,50000,0.003,82.97,8297,10000
184,1e-05,0.401,86.336,43168,50000,0.003,83.01,8301,10000
185,1e-05,0.4,86.18,43090,50000,0.003,83.01,8301,10000
186,1e-06,0.399,86.186,43093,50000,0.003,83.01,8301,10000
187,1e-06,0.393,86.54,43270,50000,0.003,83.0,8300,10000
188,1e-06,0.398,86.39,43195,50000,0.003,83.01,8301,10000
189,1e-06,0.401,86.028,43014,50000,0.003,83.01,8301,10000
190,1e-06,0.399,86.296,43148,50000,0.003,83.0,8300,10000
191,1e-06,0.401,86.118,43059,50000,0.003,83.0,8300,10000
192,1e-06,0.4,86.254,43127,50000,0.003,83.0,8300,10000
193,1e-06,0.397,86.36,43180,50000,0.003,83.0,8300,10000
194,1e-06,0.396,86.446,43223,50000,0.003,83.01,8301,10000
195,1e-06,0.399,86.26,43130,50000,0.003,83.01,8301,10000
196,1e-06,0.401,86.184,43092,50000,0.003,83.02,8302,10000
197,1e-06,0.399,86.406,43203,50000,0.003,83.0,8300,10000
198,1e-06,0.395,86.464,43232,50000,0.003,82.98,8298,10000
199,1e-06,0.396,86.142,43071,50000,0.003,82.96,8296,10000
200,1e-06,0.399,86.284,43142,50000,0.003,82.99,8299,10000
